{
  "operator_results": [
    {
      "operator_name": "RMSNorm",
      "test_case": "shape_(1, 16, 128)_eps_1e-06",
      "input_shapes": [
        [
          1,
          16,
          128
        ]
      ],
      "output_shape": [
        1,
        16,
        128
      ],
      "mse": 6.320867829145982e-09,
      "max_abs_error": 0.00048828125,
      "mean_abs_error": 2.973078517243266e-05,
      "cosine_similarity": 0.9999998807907104,
      "relative_error": 7.991368604406793e-05,
      "pass_threshold": true,
      "execution_time_python": 0.00027942657470703125,
      "execution_time_cpp": 0.000223541259765625,
      "error_message": null
    },
    {
      "operator_name": "Attention",
      "test_case": "b1_s16_h128_nh8_nkv2",
      "input_shapes": [
        [
          1,
          16,
          128
        ]
      ],
      "output_shape": [
        1,
        16,
        128
      ],
      "mse": 9.610616302779817e-09,
      "max_abs_error": 0.000370025634765625,
      "mean_abs_error": 7.745772018097341e-05,
      "cosine_similarity": 0.9999954700469971,
      "relative_error": 0.002969688923159444,
      "pass_threshold": true,
      "execution_time_python": 0.0008325576782226562,
      "execution_time_cpp": 0.0005827903747558593,
      "error_message": null
    },
    {
      "operator_name": "MLP",
      "test_case": "b1_s16_h128_i512",
      "input_shapes": [
        [
          1,
          16,
          128
        ]
      ],
      "output_shape": [
        1,
        16,
        128
      ],
      "mse": 9.828341696049847e-09,
      "max_abs_error": 0.00037544965744018555,
      "mean_abs_error": 7.855467265471816e-05,
      "cosine_similarity": 0.10023141652345657,
      "relative_error": 9.851560122451364,
      "pass_threshold": false,
      "execution_time_python": 0.0005061626434326172,
      "execution_time_cpp": 0.0003036975860595703,
      "error_message": null
    },
    {
      "operator_name": "RMSNorm",
      "test_case": "shape_(1, 32, 2048)_eps_1e-06",
      "input_shapes": [
        [
          1,
          32,
          2048
        ]
      ],
      "output_shape": [
        1,
        32,
        2048
      ],
      "mse": 5.788655776939322e-09,
      "max_abs_error": 0.00048828125,
      "mean_abs_error": 2.7934936952078715e-05,
      "cosine_similarity": 0.9999971389770508,
      "relative_error": 7.631339075355263e-05,
      "pass_threshold": true,
      "execution_time_python": 0.000331878662109375,
      "execution_time_cpp": 0.00026550292968750003,
      "error_message": null
    },
    {
      "operator_name": "Attention",
      "test_case": "b1_s32_h2048_nh16_nkv16",
      "input_shapes": [
        [
          1,
          32,
          2048
        ]
      ],
      "output_shape": [
        1,
        32,
        2048
      ],
      "mse": 9.937998868281284e-09,
      "max_abs_error": 0.00038909912109375,
      "mean_abs_error": 7.946272671688348e-05,
      "cosine_similarity": 0.9999122619628906,
      "relative_error": 0.013014031787420279,
      "pass_threshold": false,
      "execution_time_python": 0.04635000228881836,
      "execution_time_cpp": 0.03244500160217285,
      "error_message": null
    },
    {
      "operator_name": "MLP",
      "test_case": "b1_s32_h2048_i11008",
      "input_shapes": [
        [
          1,
          32,
          2048
        ]
      ],
      "output_shape": [
        1,
        32,
        2048
      ],
      "mse": 9.98528193463244e-09,
      "max_abs_error": 0.0003897547721862793,
      "mean_abs_error": 7.974392792675644e-05,
      "cosine_similarity": 0.09278412163257599,
      "relative_error": 10.296853252990617,
      "pass_threshold": false,
      "execution_time_python": 0.15228891372680664,
      "execution_time_cpp": 0.09137334823608398,
      "error_message": null
    },
    {
      "operator_name": "RMSNorm",
      "test_case": "shape_(1, 64, 4096)_eps_1e-06",
      "input_shapes": [
        [
          1,
          64,
          4096
        ]
      ],
      "output_shape": [
        1,
        64,
        4096
      ],
      "mse": 5.697382121638839e-09,
      "max_abs_error": 0.00048828125,
      "mean_abs_error": 2.7744750696001574e-05,
      "cosine_similarity": 0.9999947547912598,
      "relative_error": 7.555169603477767e-05,
      "pass_threshold": true,
      "execution_time_python": 0.0004086494445800781,
      "execution_time_cpp": 0.0003269195556640625,
      "error_message": null
    },
    {
      "operator_name": "Attention",
      "test_case": "b1_s64_h4096_nh32_nkv8",
      "input_shapes": [
        [
          1,
          64,
          4096
        ]
      ],
      "output_shape": [
        1,
        64,
        4096
      ],
      "mse": 9.927711985824317e-09,
      "max_abs_error": 0.0003910064697265625,
      "mean_abs_error": 7.956409535836428e-05,
      "cosine_similarity": 0.99982088804245,
      "relative_error": 0.018564840589607782,
      "pass_threshold": false,
      "execution_time_python": 0.20119190216064453,
      "execution_time_cpp": 0.14083433151245117,
      "error_message": null
    },
    {
      "operator_name": "MLP",
      "test_case": "b1_s64_h4096_i14336",
      "input_shapes": [
        [
          1,
          64,
          4096
        ]
      ],
      "output_shape": [
        1,
        64,
        4096
      ],
      "mse": 9.996007577228738e-09,
      "max_abs_error": 0.00039058923721313477,
      "mean_abs_error": 7.976975030032918e-05,
      "cosine_similarity": 0.09553737938404083,
      "relative_error": 10.418808681761165,
      "pass_threshold": false,
      "execution_time_python": 0.7777400016784668,
      "execution_time_cpp": 0.46664400100708003,
      "error_message": null
    }
  ],
  "overall_success": false,
  "total_tests": 9,
  "tests_passed": 4,
  "tests_failed": 5
}